solver,mean,std,rank
IHS,0.6275530133333334,0.10988025240941542,6.0
MHACO,0.6823782333333334,0.10945636091231355,5.0
MOEA/D-DE,0.70356728,0.0775071389836953,4.0
NS-BRKGA,0.77174942,0.08063687400762588,3.0
NSGA-II,0.83756322,0.04797623499903702,1.0
NSPSO,0.8309364933333333,0.055637478484778874,2.0
