solver,mean,std,rank
IHS,0.10781881866666666,0.0352666564093434,6.0
MHACO,0.08409929933333334,0.02887500315362891,5.0
MOEA/D-DE,0.07383481466666666,0.02051395350671069,4.0
NS-BRKGA,0.050067289333333334,0.002334511232898604,2.0
NSGA-II,0.047977712000000006,0.0027320450072918718,1.0
NSPSO,0.05900715533333333,0.01231994412964831,3.0
