solver,mean,std,rank
IHS,0.8402291,0.031110330383768776,6.0
MHACO,0.8634009799999999,0.036567264301047855,5.0
MOEA/D-DE,0.8706718266666666,0.019956468566884066,4.0
NS-BRKGA,0.8991776666666668,0.020537817582267925,3.0
NSGA-II,0.9268648533333333,0.01853260772872138,1.0
NSPSO,0.9157166666666666,0.030520884835631912,2.0
